image,distinctiveness
dd3c1132dbb10bf2.jpg,d3-d4
3cd6879853049772.jpg,d3-d4
4055309511ab3d3d.jpg,d3-d4
90046f8b80b578d0.jpg,d3-d4
5ec1e32786838a74.jpg,d3-d4
3cf02a0c99adf1ff.jpg,d3-d4
0a49385ef8f1e74a.jpg,d3-d4
cbe6fea1fd2ec411.jpg,d3-d4
f86cdadd6ecb59aa.jpg,d3-d4
d6ced5a6f40a49fa.jpg,d3-d4
aa4071b991eb8c52.jpg,d1-d2
78c4733523a66b1c.jpg,d1-d2
bcbb960d7f7ea8c0.jpg,d1-d2
f2da055b223be544.jpg,d1-d2
2f6d87d44209d11f.jpg,d1-d2
c4d37511d135cb1c.jpg,d1-d2
65d4d968c626d62d.jpg,d1-d2
5dedf7dd93554434.jpg,d1-d2
bda5718ba8157a2d.jpg,d1-d2
6483489c35e83923.jpg,d1-d2
c05afd83bc48de32.jpg,d1-d2
3a9bfef4d90569f5.jpg,d1-d2
5511b76ac3c29b03.jpg,d1-d2
f752f2ef9a81270d.jpg,d1-d2
708ef0215977daf5.jpg,d1-d2
3d6fbb051d5c61a6.jpg,d1-d2
9e0855d88cc35740.jpg,d1-d2
2ef59818f8433535.jpg,d1-d2
682dedf51db157fb.jpg,d1-d2
66a1a2e415a46d3f.jpg,d1-d2
9524e64c81bf07c2.jpg,d1-d2
3ef7a594f1fb20c9.jpg,d1-d2
aa71d29174787db2.jpg,d1-d2
8b9f7b1475e1b5aa.jpg,d1-d2
74f99e353ab8330c.jpg,d1-d2
de8a96d9f2ee4e8b.jpg,d1-d2
850834a94713d2fc.jpg,d1-d2
ed396d52cd81592f.jpg,d1-d2
e98e3abe947d4806.jpg,d1-d2
a686c1eb5cdaf47f.jpg,d1-d2
c0d04ac922b8e015.jpg,d1-d2
19747c2ed65c243c.jpg,d1-d2
73fc7cea111a3ded.jpg,d1-d2
55e95d2165d2250d.jpg,d1-d2
f5c9390e585651a4.jpg,d1-d2
c5735d03c3d04b4f.jpg,d1-d2
051532cd3573da4d.jpg,d1-d2
0cbcead10b4c8bcc.jpg,d1-d2
b4e1123aad37491e.jpg,d1-d2
c046d5e64bcbac9c.jpg,d1-d2
856ce0206c2aefc0.jpg,d1-d2
7ec048059274983e.jpg,d1-d2
0d40fc16fdbe4140.jpg,d1-d2
33b020a1688a84d7.jpg,d1-d2
dd9f91c7be989647.jpg,d1-d2
93c4f5eaebacd237.jpg,d1-d2
892b4da2f976cc17.jpg,d1-d2
642994ce0ba5110a.jpg,d1-d2
ca47c7c1af85f843.jpg,d1-d2
b8104bd5432f86e3.jpg,d1-d2
824e644ecf71e52d.jpg,d1-d2
a0c8a7edc5f28e5d.jpg,d1-d2
4ec19bf57c972be8.jpg,d1-d2
07d8bd7cfad36e95.jpg,d1-d2
17b8a838be884392.jpg,d1-d2
aed74639208a90c9.jpg,d1-d2
4385d4ffb0abc8e1.jpg,d1-d2
b9eebe03bb89ab47.jpg,d1-d2
fb0de28e3a716f89.jpg,d1-d2
cb7bf431d0df24b9.jpg,d1-d2
8dc21eea58110e58.jpg,d1-d2
5d94cf4ff2d57c0d.jpg,d1-d2
54bbcf86277fe66e.jpg,d1-d2
2366f70e474d7312.jpg,d1-d2
56258775a61a6162.jpg,d1-d2
23dfd989f55f0a12.jpg,d1-d2
6e94230d15bb2fd7.jpg,d1-d2
1b7a1e0962eaf225.jpg,d1-d2
8ddbac3b171cf84f.jpg,d1-d2
84843cca77243ec7.jpg,d1-d2
a1a58eed29392b01.jpg,d1-d2
a93717305f7b5674.jpg,d1-d2
733a06a9f4815d2b.jpg,d1-d2
9518d7252c9193a1.jpg,d1-d2
5ec89ba6b5b913ee.jpg,d1-d2
4ff5872a64e7f4ed.jpg,d1-d2
8422f92e23b13727.jpg,d1-d2
278bdec9beee2561.jpg,d1-d2
87de96113de2d75b.jpg,d1-d2
7667544ed3c062e2.jpg,d1-d2
a3886eae2677526e.jpg,d1-d2
b314fae8fb217913.jpg,d1-d2
dbe05af1df8e43c2.jpg,d1-d2
eb1e35e93faba3dc.jpg,d1-d2
472732d7d43681e9.jpg,d1-d2
4c754a53dbe913e1.jpg,d1-d2
4350a421066199aa.jpg,d1-d2
328fb5e50cac7de0.jpg,d1-d2
15ca914a92a6b588.jpg,d1-d2
448adf9e6e1a33ad.jpg,d1-d2
644ddac53b43d71a.jpg,d1-d2
dc5c510ceceb43ad.jpg,d1-d2
3571a21e320ba0f1.jpg,d1-d2
accc7a857c3fc123.jpg,d1-d2
34d5299ed58c89d5.jpg,d1-d2
42558aa15a7f6e97.jpg,d1-d2
01bd6cd5b900ed37.jpg,d1-d2
9238e1bd0b1fc9ad.jpg,d1-d2
4c52828f415128b9.jpg,d1-d2
669cb090d799f926.jpg,d1-d2
71c2ec37773b99e0.jpg,d1-d2
695e548d520470eb.jpg,d1-d2
4c51d20f6fb18e21.jpg,d1-d2
5bfd084ccc820c5e.jpg,d1-d2
e00db596a767cac2.jpg,d1-d2
a3ae0603b737d068.jpg,d1-d2
8c9aa0c2b02851ba.jpg,d1-d2
3678f6f05a2ba4ba.jpg,d1-d2
a899a82434fcb29b.jpg,d1-d2
753378a14f7d9420.jpg,d1-d2
49eb002da10bbbab.jpg,d1-d2
5ba8853d865b6cc6.jpg,d1-d2
2d2be4dd89c627ac.jpg,d1-d2
a63206b3b4bbf13c.jpg,d1-d2
5cfd053f69d7331b.jpg,d1-d2
36b90a7c0ba1f7ae.jpg,d1-d2
e4d5105034f7fbaa.jpg,d1-d2
4b3758a148a6d0d2.jpg,d1-d2
2a773bea873879e2.jpg,d1-d2
e19f0830629ccf8e.jpg,d1-d2
48242eadc40ec8e5.jpg,d1-d2
2dc8a0ccf8be572a.jpg,d1-d2
f3dcba216401648e.jpg,d1-d2
5c8561a3b6a85a66.jpg,d1-d2
dabee11740255bc4.jpg,d1-d2
b1a5b10fdb7b81d3.jpg,d1-d2
1cf98e49fd60f448.jpg,d1-d2
d15f03a81dc02399.jpg,d1-d2
130290b7e7d61c56.jpg,d1-d2
bb4d41fc2ab1f48c.jpg,d1-d2
3a83b78c2d7a782f.jpg,d1-d2
2806351dd64ce100.jpg,d1-d2
ce96fae56894d161.jpg,d1-d2
9ce5202048dcfc70.jpg,d1-d2
8c78c41120095b80.jpg,d1-d2
81483cddfa52438c.jpg,d1-d2
e06b1470c46f1f6b.jpg,d1-d2
3fba6badfa36bab0.jpg,d1-d2
d156294addb07bd5.jpg,d1-d2
e239530556273e89.jpg,d1-d2
1f9a12dcb42a1955.jpg,d1-d2
ac74a174d383591f.jpg,d1-d2
75ff12f518191e69.jpg,d1-d2
b17d6c2a27271e20.jpg,d1-d2
f5093b3089b44e67.jpg,d1-d2
410ed8d647a5bc13.jpg,d1-d2
c6fe0874dbc59dab.jpg,d1-d2
515762e052aff557.jpg,d1-d2
dcb15fd7099b5e02.jpg,d1-d2
b1b12cb499f4b316.jpg,d1-d2
84b0b7675971d3d2.jpg,d1-d2
9b1517b100237ed0.jpg,d1-d2
e0016bed0be5bf9f.jpg,d1-d2
1e105f9659c12a66.jpg,d1-d2
5e46deb81ec0cc4d.jpg,d1-d2
5cf94848213604d6.jpg,d1-d2
a8f48bd1c79f9dd4.jpg,d1-d2
4ab00cd0a93a4a33.jpg,d1-d2
7784e9fb23ce53e0.jpg,d1-d2
6f50e646fa9a84eb.jpg,d1-d2
ea7bb6cf0153ce7a.jpg,d1-d2
06bb6366f6c348d4.jpg,d1-d2
5d7a527ded5f7346.jpg,d1-d2
d37d27df4ff4e839.jpg,d1-d2
b4f1ca6229180f18.jpg,d1-d2
97e32608660a21a8.jpg,d1-d2
e7dbbe01ac71d6e8.jpg,d1-d2
4d69031e07ef3393.jpg,d1-d2
93b7262e9f8c35f4.jpg,d1-d2
d25709f2e2c1b250.jpg,d1-d2
20f06f67b999d6b3.jpg,d1-d2
ce21edd19f1de107.jpg,d1-d2
7a95c0b306bc4ce2.jpg,d1-d2
36103541587a1911.jpg,d1-d2
3a25786289bcd092.jpg,d1-d2
db0e949cec85b63b.jpg,d1-d2
b65f9334b05f48f4.jpg,d1-d2
d9fe67f0ca97bd37.jpg,d1-d2
f1178d423cd1df70.jpg,d1-d2
8169b530bc528c2f.jpg,d1-d2
5b8bc2d80ee8799f.jpg,d1-d2
2b66eacdced6c165.jpg,d1-d2
8c9653c8f8701c5c.jpg,d1-d2
21efb07119f401da.jpg,d1-d2
482b8c3c6d8cb6b3.jpg,d1-d2
2339d7dd75583a0c.jpg,d1-d2
fcd72becbab22499.jpg,d1-d2
8adc1730df2da8cc.jpg,d1-d2
27f0960a2317b57d.jpg,d1-d2
3f53c1eb02d15572.jpg,d1-d2
4d31e4f44398b725.jpg,d1-d2
5f738d1d8f731b50.jpg,d1-d2
2a1e0a339287dac7.jpg,d1-d2
454d11529793df7e.jpg,d1-d2
e659affa74c83fd7.jpg,d1-d2
a34f145c878838fa.jpg,d1-d2
8ba5a91278502e0b.jpg,d1-d2
ce56282f3f6618fc.jpg,d1-d2
0013f301c7151f1b.jpg,d1-d2
029c49cd8808b1b8.jpg,d1-d2
95d4efca45238ce0.jpg,d1-d2
a2f99e0111425868.jpg,d1-d2
646355e09201c024.jpg,d1-d2
1ec7c6cdcd9b2fd9.jpg,d1-d2
bd44212e635740bb.jpg,d1-d2
09e33f5290c2db68.jpg,d1-d2
3510e6192e57b7cb.jpg,d1-d2
70a86c456e142ded.jpg,d1-d2
de948a6e1225586b.jpg,d1-d2
485f9bc1bfd9f9a7.jpg,d1-d2
e7e7c2e28da0000a.jpg,d1-d2
948a98364b01fa19.jpg,d1-d2
b669c63686446e43.jpg,d1-d2
c4aaf26ccb13986b.jpg,d1-d2
6c6721d832cd3649.jpg,d1-d2
cf749fc7980ec180.jpg,d1-d2
487c3e915b3b13e4.jpg,d1-d2
127b84ee6127b506.jpg,d1-d2
e80f05bb675b8d98.jpg,d1-d2
76214b50d4d555ad.jpg,d1-d2
5f4ec176538ec80e.jpg,d1-d2
1f15d0579e2f6e4c.jpg,d1-d2
0fb42c36fec9a133.jpg,d1-d2
b2ee9e10ddf3cce3.jpg,d1-d2
8f62a5035de6d262.jpg,d1-d2
3dd0f7cb316f387d.jpg,d1-d2
fdef8eff528866a4.jpg,d1-d2
8e9a9dd23c9e05d0.jpg,d1-d2
7ce2b670757443de.jpg,d1-d2
3e2cd70f79b9430e.jpg,d1-d2
7b3342723b462941.jpg,d1-d2
ed842836e9366b64.jpg,d1-d2
2b8407cdb1812f41.jpg,d1-d2
93389f2070cb57e9.jpg,d1-d2
65217503ed59e4b4.jpg,d1-d2
b48fb0eca3f10c8f.jpg,d1-d2
9a99d26af1688acf.jpg,d1-d2
79143d2650ecae69.jpg,d1-d2
1af5c70349c742b1.jpg,d1-d2
617d06b889ce6292.jpg,d1-d2
3c8619bde7cf3808.jpg,d1-d2
c6714b6eb48891d0.jpg,d1-d2
3341558cbfc995fb.jpg,d1-d2
8393c45774e2e069.jpg,d1-d2
bd74d558eb7b4fbe.jpg,d1-d2
8a2be59f1794fa43.jpg,d1-d2
2e962401d905d407.jpg,d1-d2
a4dd05c35f8943bb.jpg,d1-d2
6c6ebe39ea3686fe.jpg,d1-d2
6565a8aaefc945ce.jpg,d1-d2
7f536e9b519339a3.jpg,d1-d2
8eb44f874cbe8b49.jpg,d1-d2
9b48827920484c03.jpg,d1-d2
ff03c217ae1488cd.jpg,d1-d2
1763149c6be16475.jpg,d1-d2
60d957a16bba8124.jpg,d1-d2
f4d22585aa1277bb.jpg,d1-d2
b4a6f1f543d591f6.jpg,d1-d2
09b11a7e5e27e11e.jpg,d1-d2
0ad9cbe80d1a7f45.jpg,d1-d2
7ec3e39af60d9345.jpg,d1-d2
24b81a573b48d71e.jpg,d1-d2
ab9e20e099ae1b2c.jpg,d1-d2
a70b37be01a66225.jpg,d1-d2
c7f7e0f97e2454a2.jpg,d1-d2
d20173887023fde3.jpg,d1-d2
ffa8759a92174857.jpg,d1-d2
05426de3f9fc56eb.jpg,d1-d2
a4dffea47d7bcc0e.jpg,d1-d2
685fa185ea524d70.jpg,d1-d2
5319e3699d434bed.jpg,d1-d2
fd44bc2d8b35cdfe.jpg,d1-d2
29b14bd9de41fb8c.jpg,d1-d2
bd1e2831bfc796e5.jpg,d1-d2
984613ce93bb667a.jpg,d1-d2
04089c48f53ff3a9.jpg,d1-d2
1668512dd34485d8.jpg,d1-d2
a96bbff587ef3395.jpg,d1-d2
91df8d304d7fecb8.jpg,d1-d2
a1202836ec7ea913.jpg,d1-d2
ab9c104a486e664f.jpg,d1-d2
cb00ce3f38a16a3d.jpg,d1-d2
b3e316b69d044e6b.jpg,d1-d2
48e9a1824d7ec1d0.jpg,d1-d2
ae16cb2c0815b31c.jpg,d1-d2
8113a9108555132d.jpg,d1-d2
32cf2ab4591e3336.jpg,d1-d2
e4244530c14f14b2.jpg,d1-d2
2f8ed7c84dd4c329.jpg,d1-d2
6013ff1940309c88.jpg,d1-d2
7aa13d855e5fb351.jpg,d1-d2
4148ac4636c93409.jpg,d1-d2
4620dc2d009c37c2.jpg,d1-d2
fae5b2a67054ff39.jpg,d1-d2
45b8891549c4c747.jpg,d1-d2
3d910d33c278309c.jpg,d1-d2
8d0fb0465301dadd.jpg,d1-d2
ed16d6bdd607187f.jpg,d1-d2
346a4ad6c84c7506.jpg,d1-d2
38079a157dfd39ee.jpg,d1-d2
c82e98322047580c.jpg,d1-d2
2129c5f76e0439d4.jpg,d1-d2
58479154f04048f3.jpg,d1-d2
f8cb382cb48bec02.jpg,d1-d2
1fde491b1889bf62.jpg,d1-d2
9dc2c679892cab3a.jpg,d1-d2
1ced4b1e3bd63781.jpg,d1-d2
aefc9713725b039e.jpg,d1-d2
a0bc07a1180d9402.jpg,d1-d2
a74cfff91e0a739a.jpg,d1-d2
90695ed150ac69ee.jpg,d1-d2
91538b5edaf4fdf8.jpg,d1-d2
644510719aa71169.jpg,d1-d2
aefcca4e675e3488.jpg,d1-d2
9546976c076d4daa.jpg,d1-d2
45feb588a7e20482.jpg,d1-d2
bc17d3aa572320cc.jpg,d1-d2
51f0c8b4580501b3.jpg,d1-d2
ed0687fac699e8f8.jpg,d1-d2
f28cae2ecd5171e1.jpg,d1-d2
c17aa549ac57762f.jpg,d1-d2
aae58b1b26f0c9c8.jpg,d1-d2
03e2728850796420.jpg,d1-d2
9b8110e32dd000a3.jpg,d1-d2
d5b69d5c65eaee0b.jpg,d1-d2
bf17ed7618fd6358.jpg,d1-d2
9b45110f0b7ead22.jpg,d1-d2
c996cbfd90ef4d8c.jpg,d1-d2
aad89bf221003321.jpg,d1-d2
e017a0f3a6536f82.jpg,d1-d2
136a2b5b792b84aa.jpg,d1-d2
cc429254534f89d9.jpg,d1-d2
39dc0d32a7a1bf67.jpg,d1-d2
2d8acadd2ba57019.jpg,d1-d2
9d0c70015bfb378b.jpg,d1-d2
5222a7e265a14486.jpg,d3-d4
3c2857f7aafb7e4f.jpg,d3-d4
0746edd909e1fdc3.jpg,d3-d4
2b2b3d04aeead4ad.jpg,d1-d2
de946222590d9fe8.jpg,d1-d2
1d03f2426f68b34e.jpg,d1-d2
d5799bf6f94d8dd3.jpg,d1-d2
b6b01d0803e8a1d3.jpg,d1-d2
98febaeb7b6bf49d.jpg,d1-d2
94c64a9fd8657a43.jpg,d1-d2
f62bbfc8615bf52f.jpg,d1-d2
27215ceceee414e1.jpg,d1-d2
b40b5b79ab9fc9ea.jpg,d1-d2
5bbbef195238732a.jpg,d1-d2
fad377419cd6d523.jpg,d1-d2
fe444c12f39c2a23.jpg,d1-d2
cfd97b33bf7ab810.jpg,d1-d2
2ba303484cae679a.jpg,d1-d2
c7b86dc950caf817.jpg,d1-d2
eb244e31e26762b8.jpg,d1-d2
4d7bc22d6978ca8d.jpg,d1-d2
45cfa5075b7eac7b.jpg,d1-d2
1e64a3bfc3b47753.jpg,d1-d2
8afa5ffdd9a6b949.jpg,d1-d2
fa1c68c3be4068c1.jpg,d1-d2
77abcbd8dbbb1412.jpg,d1-d2
5234dab726fce418.jpg,d1-d2
63bbdc1cb45fc42b.jpg,d1-d2
2263c7d1c1185739.jpg,d1-d2
304f5b7e43c13228.jpg,d1-d2
36bda632b18d5a78.jpg,d1-d2
4aa5ee4646781acf.jpg,d1-d2
dbdbc8927b319e0d.jpg,d1-d2
710453e35ca53fef.jpg,d1-d2
85d13afbaa54db4e.jpg,d1-d2
d36dd7f95e49287b.jpg,d1-d2
68b505b931a34916.jpg,d1-d2
42256fa54c6c74cf.jpg,d1-d2
eeb17dc677756d1f.jpg,d1-d2
8b85d811dd0a13c0.jpg,d1-d2
5694aa407c3b2bcc.jpg,d1-d2
4856c3bf5f99b8b4.jpg,d1-d2
89feae8efc943771.jpg,d1-d2
7448892d0ab0186a.jpg,d1-d2
f3b20406439b534e.jpg,d1-d2
eb044a4b5fb0f7ba.jpg,d1-d2
3655179a887ddb64.jpg,d1-d2
600c03a52319f5a1.jpg,d1-d2
58d089d2ece71461.jpg,d1-d2
30e3c1933adb4dea.jpg,d1-d2
0800484ad905006c.jpg,d1-d2
d08e682028f3c118.jpg,d1-d2
3d198c4bd47e9b75.jpg,d1-d2
1eb9d7d753ee22bc.jpg,d1-d2
8023a3e8519a6d80.jpg,d1-d2
f20689431d2b0529.jpg,d1-d2
bc43db974a73ce16.jpg,d1-d2
0c539301cd415dcb.jpg,d1-d2
eae6872406756c5f.jpg,d1-d2
4dc34c361b8b2a6e.jpg,d1-d2
b63841ebb42350e0.jpg,d1-d2
ccb8c7fd0fc456e2.jpg,d1-d2
6b684db641e8ac74.jpg,d1-d2
d54e2846f77c951e.jpg,d1-d2
fc1d652dccc389bc.jpg,d1-d2
5a631b990f1724ea.jpg,d1-d2
956f6fd12f0eb266.jpg,d1-d2
31a77514c6ff3c24.jpg,d1-d2
41c0290c1dacc71a.jpg,d1-d2
95e353ac7065f6ec.jpg,d1-d2
e671d704d0ba1ce0.jpg,d1-d2
f83682ab780ce6e4.jpg,d1-d2
6939260241ac165f.jpg,d1-d2
fe80e886e17fe978.jpg,d1-d2
a2cedcbdf6fd9ca6.jpg,d1-d2
b03b1fa2ae28186e.jpg,d1-d2
b79a647e0ea5c5e3.jpg,d1-d2
b075f0bfb14fb9c1.jpg,d1-d2
555eb32ae88cdb4f.jpg,d1-d2
b423b8dc3a942394.jpg,d1-d2
a853784630931ddd.jpg,d1-d2
c3f6e051869fdf2d.jpg,d1-d2
327787372f769b9f.jpg,d1-d2
d43947acf6928126.jpg,d1-d2
a6135acdb730ec4e.jpg,d1-d2
9f9f0d35f2d0e082.jpg,d1-d2
64f66a85b6f08ae8.jpg,d1-d2
9a23ae59aae412f6.jpg,d1-d2
e453ceada5002184.jpg,d1-d2
d4c959a53d800fa6.jpg,d1-d2
b0c1fbb21b30e771.jpg,d1-d2
78b0cda91cda4712.jpg,d1-d2
d8f54aa670784f85.jpg,d1-d2
1da36bdf38c8f0fa.jpg,d1-d2
251b362ea13beb3e.jpg,d1-d2
9dfbe95e52df4fd1.jpg,d1-d2
64f1853b8f9c781a.jpg,d1-d2
a9e8e602cd116db4.jpg,d1-d2
f36e66b0625025d6.jpg,d1-d2
42110f33f49beb13.jpg,d1-d2
b92968ce47098ab9.jpg,d1-d2
7c9ccadcca0eb3a2.jpg,d1-d2
c00a010cce47437c.jpg,d1-d2
b58f56e469fea4d0.jpg,d1-d2
0360f7f49930f62f.jpg,d1-d2
ea1f8641ae564510.jpg,d1-d2
a11527104011a350.jpg,d1-d2
a9b23bd678a64435.jpg,d1-d2
7f3a628316d59947.jpg,d1-d2
81cac2aaa2209a3b.jpg,d1-d2
de130a415d66a609.jpg,d1-d2
70f45af1170ff590.jpg,d1-d2
cce2809d8ad31058.jpg,d1-d2
d84aefa4d99d6f9a.jpg,d1-d2
b14d645506296495.jpg,d1-d2
7e97fbb6e03c8b2f.jpg,d1-d2
468d7577fa2042db.jpg,d1-d2
1e5080ac9b162098.jpg,d1-d2
5a790bc851a6d24c.jpg,d1-d2
271c28322057a59b.jpg,d1-d2
9af8d04de9e7f03a.jpg,d1-d2
8a8c709bbcc2bb95.jpg,d1-d2
e2cfca1da62a0903.jpg,d1-d2
7149111d98ee079a.jpg,d1-d2
d25bc77798051398.jpg,d1-d2
91ff219064de10dc.jpg,d1-d2
a787ee2754d3c87c.jpg,d1-d2
ac5d2d4ed84dbaae.jpg,d1-d2
8879cfd11a4a2d74.jpg,d1-d2
d283036e08d32cc7.jpg,d1-d2
1d9c49f08d9d2aa1.jpg,d1-d2
858ef61eff0edf75.jpg,d1-d2
37d5c5b1d9501247.jpg,d1-d2
7c85e6937c944bda.jpg,d1-d2
50bf56b57c8b95b6.jpg,d1-d2
0ce0741d511692f0.jpg,d1-d2
c270d8c1556f0447.jpg,d1-d2
d3009d3d0b1ffeba.jpg,d1-d2
e7d5dfaf26f11bc5.jpg,d1-d2
d3e8413f5d7654d8.jpg,d1-d2
016752d9a78eb940.jpg,d1-d2
3434ad6413b4e2da.jpg,d1-d2
2eeb8178073f5c29.jpg,d1-d2
8e7fafb5ec92748f.jpg,d1-d2
26b8838fefac27c6.jpg,d1-d2
fa3057c747488825.jpg,d1-d2
7e6cc7b407146eb5.jpg,d1-d2
8b972143d3e78598.jpg,d1-d2
32c1341cec47e729.jpg,d1-d2
e911d7b87e14aa9d.jpg,d1-d2
4d86b7ae862be86c.jpg,d1-d2
04194bb81c7ee6fe.jpg,d1-d2
afa7a7db68f3e600.jpg,d1-d2
1d4d1afb48c61dc3.jpg,d1-d2
f7c28f6c8c2751c2.jpg,d1-d2
f2202f7f48b16898.jpg,d1-d2
14a5fbc4ac7def97.jpg,d1-d2
bd075b67a65488ce.jpg,d1-d2
4c9818497379c834.jpg,d1-d2
580ce93c299b7b6c.jpg,d1-d2
fe6667935915a960.jpg,d1-d2
5cce4bf877eb1722.jpg,d1-d2
65a572da858e87fb.jpg,d1-d2
734564bc78148644.jpg,d1-d2
4baee3eacd702cde.jpg,d1-d2
366bbee3820b9f27.jpg,d1-d2
d85f2adf5e9e40aa.jpg,d1-d2
e4711185d4905423.jpg,d1-d2
a0821e20fa062df4.jpg,d1-d2
e3ca6faa1c7063ec.jpg,d1-d2
f5d4b4c60df50a56.jpg,d1-d2
35d97cfd7f29c3a1.jpg,d1-d2
bf1c63bcc3969732.jpg,d1-d2
01af82c347f11aa0.jpg,d1-d2
1d5c6c04c69c79eb.jpg,d1-d2
d76dfe71f5951075.jpg,d1-d2
4c8b342d89ce5268.jpg,d1-d2
f003364670c28fa1.jpg,d1-d2
e13c21d702bd444c.jpg,d1-d2
cb48ca80a783ea58.jpg,d1-d2
372b43ac3ca5cd96.jpg,d1-d2
249522ff2a62b796.jpg,d1-d2
919c1062d433aed6.jpg,d1-d2
a78b228cf50c52cf.jpg,d1-d2
7383009ca3275287.jpg,d1-d2
b5da382c50572d7b.jpg,d1-d2
6ef03a4f1b9afe77.jpg,d1-d2
00507ee851dfe754.jpg,d1-d2
e6caa07b1010abb3.jpg,d1-d2
5df7c6ad3ec12d88.jpg,d1-d2
654068744a3b069f.jpg,d1-d2
3e0afb7526b74e2a.jpg,d1-d2
f080ce7fbe2c61f1.jpg,d1-d2
85469aac2aba82ec.jpg,d1-d2
fd2d81b585059a48.jpg,d1-d2
a1ee166420160206.jpg,d1-d2
9f8d9c7ace1aa6e7.jpg,d1-d2
d96c9dfe45a8ec00.jpg,d1-d2
57803f74a507f4a0.jpg,d1-d2
d5abb5123040691f.jpg,d1-d2
e0f0e375a1a7ba32.jpg,d1-d2
9d8096fa29d89ea3.jpg,d1-d2
6d7063e601e97d1b.jpg,d1-d2
c108810bfe3ba7dc.jpg,d1-d2
ae466530552590e3.jpg,d1-d2
58f09174783854aa.jpg,d1-d2
0bc71466772d8a9a.jpg,d1-d2
801d941c2088804c.jpg,d1-d2
7a75b34c66c7ca60.jpg,d1-d2
499711a7d07c285c.jpg,d1-d2
e371fdb42ec1bafb.jpg,d1-d2
f2af265004350c53.jpg,d1-d2
6dde901dffd77d12.jpg,d1-d2
6c12514bb26f6537.jpg,d1-d2
e6049eede99af012.jpg,d1-d2
e536142e8d5ef6f7.jpg,d1-d2
e345d4ddaae7db02.jpg,d1-d2
14f55049534a21b9.jpg,d1-d2
13d7cb3f7bd37641.jpg,d1-d2
afbdbcf42e7b8f93.jpg,d1-d2
bfde98073380d194.jpg,d1-d2
7cbd6b6fd6959fa5.jpg,d1-d2
b99237dbec53ed2e.jpg,d1-d2
c385cfea4e42e2ff.jpg,d1-d2
2ff9c026d4837c7b.jpg,d1-d2
8916504cf73efc1c.jpg,d1-d2
629f4c4cf86a8148.jpg,d1-d2
10223372ac82c4f7.jpg,d1-d2
6083c6acbca4b6b3.jpg,d1-d2
a7c29a5cb3e8ead8.jpg,d1-d2
b10103865784904f.jpg,d1-d2
6e1d61b915dedbbd.jpg,d1-d2
1cd32b7ff58248da.jpg,d1-d2
9e4530e368731761.jpg,d1-d2
01a43d95cb5de2f0.jpg,d1-d2
221639cc746b4242.jpg,d1-d2
a2bcfc4282577bad.jpg,d1-d2
0591c524fd456eba.jpg,d1-d2
0f72e19fe01d2574.jpg,d1-d2
6421cb7a6b8e6611.jpg,d1-d2
fd0267bafb603fab.jpg,d1-d2
59a4a8dde2527a8f.jpg,d1-d2
8566d924a2204289.jpg,d1-d2
ad80b789e523feda.jpg,d1-d2
7772a14c685eab79.jpg,d1-d2
f7e88470dfdd1938.jpg,d1-d2
cb3de2ef4f341428.jpg,d1-d2
4f7b0b3700827027.jpg,d1-d2
caf6e08029f40168.jpg,d1-d2
49e1387d225d9167.jpg,d1-d2
964b8fb56b3dc530.jpg,d1-d2
67590c84f9afeee6.jpg,d1-d2
e1783d14f03e5f05.jpg,d1-d2
c40c8b05daa83fc0.jpg,d1-d2
8bb2a034029172d1.jpg,d1-d2
570cd200bea8f48c.jpg,d1-d2
c826d91e9b4b34d9.jpg,d1-d2
b6f161478491dc8e.jpg,d1-d2
279b21af481d2609.jpg,d1-d2
fdabd0b6aa550583.jpg,d1-d2
933ff42ae44e9abc.jpg,d1-d2
27dda37ac151226e.jpg,d1-d2
372ed94557afe752.jpg,d1-d2
d7bf6004273161e3.jpg,d1-d2
d018bf8b61102880.jpg,d1-d2
83e959b239ee62c3.jpg,d1-d2
3de594e7612cd1f0.jpg,d1-d2
9f2d60df9b95798d.jpg,d1-d2
1e633acf6dda84b8.jpg,d1-d2
860c2badfefd6a92.jpg,d1-d2
5b9e13a8b610d1d8.jpg,d1-d2
41dd7e12f195e895.jpg,d1-d2
f9e0cc0e21205a39.jpg,d1-d2
02bcb3a4108343d2.jpg,d1-d2
74cbfb17fd64e6fa.jpg,d1-d2
8a0a0a609440c9d5.jpg,d1-d2
4323066eca672907.jpg,d1-d2
2343a75d1e4ad9c3.jpg,d1-d2
69fc5166040dbbd9.jpg,d1-d2
4428762e9b7a055a.jpg,d1-d2
6fc41fabd010cc02.jpg,d1-d2
165dbbf4b360a9a7.jpg,d1-d2
2678a34d50325234.jpg,d1-d2
36a5c7af66e25bea.jpg,d1-d2
d1b03c9071967d41.jpg,d1-d2
df8aee3798ed232d.jpg,d1-d2
55524f5a4fba5406.jpg,d1-d2
befde9f3533a59f4.jpg,d1-d2
69a73973a0a7a3f3.jpg,d1-d2
e15c0964a60802aa.jpg,d1-d2
74b547280f42d0b5.jpg,d1-d2
b8288d9a1907cda6.jpg,d1-d2
c7fd980dbe559b4b.jpg,d1-d2
5642f4dd83cf3013.jpg,d1-d2
251ffd473f30435a.jpg,d1-d2
ed7b99703ff62bcd.jpg,d1-d2
4e63c8eab81504df.jpg,d1-d2
38deb3b9dab74db7.jpg,d1-d2
767bdedefe51aabb.jpg,d1-d2
c1a7c06e7d478447.jpg,d1-d2
0cd60ff41b9cb403.jpg,d1-d2
2ee1440e401f7806.jpg,d1-d2
a74969cbd0135af6.jpg,d1-d2
4dff840bb37286c1.jpg,d1-d2
c1adff7ff1af6880.jpg,d1-d2
b1f210bca60a9c18.jpg,d1-d2
f75a03dd95dea5b9.jpg,d1-d2
3123668560ca9274.jpg,d1-d2
d7c76a0a0c523654.jpg,d1-d2
70d71e5140521827.jpg,d1-d2
e156348611282a0e.jpg,d1-d2
eeb779dd7bddea42.jpg,d1-d2
008c5cc4e21de63a.jpg,d1-d2
e67a34113c410945.jpg,d1-d2
0cae33d7ff5324e0.jpg,d1-d2
ea7f9ef880a73305.jpg,d1-d2
23fa7c138fe89594.jpg,d1-d2
a2299570e8b6c0b1.jpg,d1-d2
df0484ab24330b28.jpg,d1-d2
7b0cb0dd57280a6b.jpg,d1-d2
b81c934b504a81bc.jpg,d1-d2
d786405c326b41a3.jpg,d1-d2
1ebb6b6589677713.jpg,d1-d2
2f57dc9b3b13141a.jpg,d1-d2
4294013d31503752.jpg,d1-d2
63e0868815669356.jpg,d1-d2
0c81d5b3358ed8bf.jpg,d1-d2
370b28ca27ff6686.jpg,d1-d2
b1f90cabab18b3d1.jpg,d1-d2
4999c663e9ea81ce.jpg,d1-d2
9cbe777d79ab7eb5.jpg,d1-d2
c6ff62c0e55bcb19.jpg,d1-d2
07ec5a5be740c881.jpg,d1-d2
dcd4f28c1065f46f.jpg,d1-d2
5e50497251fe54f5.jpg,d1-d2
9d6f55838c18eee0.jpg,d1-d2
1f798b8adb9679ec.jpg,d1-d2
c80ee94da538c9b4.jpg,d1-d2
a796dfdca897a54f.jpg,d1-d2
c80bfce0c84955f8.jpg,d1-d2
4bad866b16351b86.jpg,d1-d2
a1d6e4af4ccf8edd.jpg,d1-d2
a08481155dd384e3.jpg,d1-d2
7d52cb99abeca1e1.jpg,d1-d2
97076730a216ec28.jpg,d1-d2
8c431361bd5ab675.jpg,d1-d2
438afed6b22527c1.jpg,d1-d2
05358bae1d2f1f46.jpg,d1-d2
2f65648a84779591.jpg,d3-d4
b394d762d41ff71c.jpg,d3-d4
822f12b79d1c6ee7.jpg,d3-d4
dae0d8020ed5affa.jpg,d3-d4
bfccb5917a97a8c6.jpg,d3-d4
094cb4bb8643f816.jpg,d3-d4
13aafbaa8f7db91c.jpg,d3-d4
1ac0b1836d21d4ef.jpg,d3-d4
2e47197bc151027a.jpg,d3-d4
f851a90e5a21918b.jpg,d3-d4
6cbdb365c9121556.jpg,d3-d4
8eb46df30da3475f.jpg,d3-d4
f60e0fd27f8237b6.jpg,d3-d4
a5850a657de40827.jpg,d3-d4
c9163cb2bca7537c.jpg,d3-d4
47900e861281fdb2.jpg,d1-d2
7b2d4cbefec9f279.jpg,d1-d2
1195b46b745b74cb.jpg,d1-d2
66a9c888bd6f440b.jpg,d1-d2
cb33f50558869ce5.jpg,d1-d2
2bc0bcb1b241b786.jpg,d1-d2
9d1af0e2906c7c4d.jpg,d1-d2
ff38ba4fea55c33f.jpg,d1-d2
2382809fc78bf0e4.jpg,d1-d2
81f324b55d988452.jpg,d1-d2
d64898424bceea91.jpg,d1-d2
96767b5e60b51a4a.jpg,d1-d2
4d58b503fe70e28e.jpg,d1-d2
04907cbe6b3d7598.jpg,d1-d2
4f885dc9a519d1cf.jpg,d1-d2
3b58ed0547f285ae.jpg,d1-d2
249fb77d0aa9c4bc.jpg,d1-d2
8ee06b6915d52af4.jpg,d1-d2
841d7683b5f21370.jpg,d1-d2
97bd67bc6004bca3.jpg,d1-d2
134476ea697715ad.jpg,d1-d2
b8f9c0999307ff33.jpg,d1-d2
144bb5bed28a7a63.jpg,d1-d2
b0c0e603b75edda5.jpg,d1-d2
b239d26ee8375281.jpg,d1-d2
c9850273ae05ffbf.jpg,d1-d2
a862caa7c9b8db57.jpg,d1-d2
68abc9aabb52018f.jpg,d1-d2
1b2d2244cc9d2851.jpg,d1-d2
d27059708982cada.jpg,d1-d2
3b953c50998a72fc.jpg,d1-d2
e1fe8123db55a46c.jpg,d1-d2
cf9d58151aba311e.jpg,d1-d2
e3caa7535bc5b808.jpg,d1-d2
c8a85ec68f1d2145.jpg,d1-d2
179ab66f6d708d6d.jpg,d1-d2
ebaed3a483971b94.jpg,d1-d2
26f6886dc56c0ac4.jpg,d1-d2
156dbbe9a171a519.jpg,d1-d2
12a5ee4e91252cc5.jpg,d1-d2
f7aab55c5e01f1c6.jpg,d1-d2
8fc8dabbfebbeb03.jpg,d1-d2
7b83c1c2a123fca9.jpg,d1-d2
29fb48ebb461baf7.jpg,d1-d2
670f27fb09c8b190.jpg,d1-d2
8e5f80f0f914af86.jpg,d1-d2
496fe037e7f613e1.jpg,d1-d2
580c790cb0f419ee.jpg,d1-d2
25daf0a8452be049.jpg,d1-d2
4c48ae20ab5b5721.jpg,d1-d2
98cde784afb9db1c.jpg,d1-d2
8f8e05c773b4d18d.jpg,d3-d4
8791bd39eb287bcc.jpg,d3-d4
d6d88beda876506f.jpg,d3-d4
96fd106852466538.jpg,d3-d4
bcc0f5b5f9e21160.jpg,d3-d4
13a1d3a6d1b10414.jpg,d3-d4
b7e3c666bafe27ab.jpg,d3-d4
a476eceb9d248be2.jpg,d3-d4
61ea446db5d4a621.jpg,d3-d4
70628451b96607a3.jpg,d3-d4
b282d11e6008f290.jpg,d3-d4
776cb3d0aa23f6bd.jpg,d3-d4
388c3072a2bf9de5.jpg,d3-d4
27661ae9a1bc5b5a.jpg,d3-d4
52267e380003dff5.jpg,d3-d4
b29feb1a717d7a4c.jpg,d3-d4
948a46195d8cfa97.jpg,d3-d4
136e115cb88c3eef.jpg,d3-d4
a29ee05120d6b38a.jpg,d3-d4
d4f96bddcb302260.jpg,d3-d4
8fd5497de643817c.jpg,d3-d4
3f03945fe0d23a17.jpg,d3-d4
366d1b9c873a1feb.jpg,d3-d4
281edbc4f4b7837d.jpg,d3-d4
be72637a3e0b5b07.jpg,d3-d4
856548f167ac9aa2.jpg,d3-d4
ca81384c1ef666cc.jpg,d3-d4
f94614e5b1edc486.jpg,d3-d4
5fafc012b8261cf3.jpg,d3-d4
216381628ed1ec50.jpg,d3-d4
43fa0db786b28eae.jpg,d3-d4
b0103037de42bc09.jpg,d3-d4
8435679db9443255.jpg,d3-d4
9e3bf645ccc71ea6.jpg,d3-d4
6b98b335b6717311.jpg,d3-d4
d28ce318f85a47ac.jpg,d3-d4
313fd2d5f084ea9e.jpg,d3-d4
9ff2116cfc9ca681.jpg,d3-d4
46c215b3cc012d8b.jpg,d3-d4
34a8d796c12e7f2a.jpg,d3-d4
bca13ca95e07abd8.jpg,d3-d4
5c8539e81c62af47.jpg,d3-d4
98378b45e6ea3477.jpg,d3-d4
4871e13a1255163f.jpg,d3-d4
003cea54dea9e003.jpg,d3-d4
6b0c4236727839c4.jpg,d3-d4
49e4064b1cf61ad8.jpg,d3-d4
3f556c003cdc37d4.jpg,d3-d4
b039a254d0feea1d.jpg,d3-d4
c7f309060d04f6e8.jpg,d3-d4
cb20f1e89d162a43.jpg,d3-d4
bb18d85ea1fad1d3.jpg,d3-d4
8cf737d944321423.jpg,d3-d4
4af44cc133444932.jpg,d3-d4
529c2275ff1b4f65.jpg,d3-d4
a7c1f27f3d3ef5a6.jpg,d3-d4
7ed7e6ead4ccaa1d.jpg,d3-d4
c565e5fa1e6bdf96.jpg,d3-d4
617b4f5559a07a52.jpg,d3-d4
36352d63453d7cb2.jpg,d3-d4
c8428c10078ef20b.jpg,d3-d4
539765a2f67afdcc.jpg,d3-d4
cb4443a30184f23e.jpg,d3-d4
03d8dd60cfa7a9c4.jpg,d3-d4
3c7b2801475877c6.jpg,d3-d4
a42a58f5893ccf2e.jpg,d3-d4
4cb2d4bc251a9583.jpg,d3-d4
f14ccb5ec5fc3698.jpg,d3-d4
c44b1e1117d82952.jpg,d3-d4
eb91175bb370f5a4.jpg,d3-d4
83c2f321ea55f82b.jpg,d3-d4
7cfa0e8da4e25996.jpg,d3-d4
ab6217c95b3587be.jpg,d3-d4
e99b75bdcfce7bda.jpg,d3-d4
a7360ccc517eb20d.jpg,d3-d4
08be5c573b7330be.jpg,d3-d4
6cfc3ccf913ff34a.jpg,d3-d4
216bd149f76dc7ee.jpg,d3-d4
7a640289764a2a69.jpg,d3-d4
c8ac64ce34c6abf8.jpg,d3-d4
641828dafcf37572.jpg,d3-d4
756049dc0730582e.jpg,d3-d4
579b885432a82257.jpg,d3-d4
d042d39d99ed30a2.jpg,d3-d4
73997457824ea4a6.jpg,d3-d4
4d17210fab3acc03.jpg,d3-d4
65a75a35e33ef823.jpg,d3-d4
93e49402515f271f.jpg,d3-d4
fd67d7edc52615a1.jpg,d3-d4
92e946ba317000bb.jpg,d3-d4
ab4eeef41844a7ee.jpg,d3-d4
6a5c9d8a69af5b34.jpg,d3-d4
f0f1e91f73eb8be8.jpg,d3-d4
144726b4c44e5835.jpg,d3-d4
bde8eddea8dd8eb4.jpg,d3-d4
42139b76ba602e62.jpg,d3-d4
47b8c54de8f1e750.jpg,d3-d4
a96b25cb37ff4d98.jpg,d3-d4
e33543a137298e57.jpg,d3-d4
0aca671c4afbd9b9.jpg,d3-d4
8964470aa70ae2cb.jpg,d3-d4
83cf650734b6a9f4.jpg,d3-d4
0c092938d8e46bc0.jpg,d3-d4
4c590573428d74fd.jpg,d3-d4
f02d2b7f098842c3.jpg,d3-d4
138385ef3dc4c739.jpg,d3-d4
aa0bb3d35a58e674.jpg,d3-d4
4170a49e301de838.jpg,d3-d4
8d4461de781a4bfe.jpg,d3-d4
9b7f5aa1efa7a668.jpg,d3-d4
1641be92be824866.jpg,d3-d4
0f4fb5c6c894b5df.jpg,d3-d4
c17b5ae82f658e5e.jpg,d3-d4
d8157d69e4dffd12.jpg,d3-d4
17c92200ec93f077.jpg,d3-d4
7b7fb0d19fa62801.jpg,d3-d4
93b286be9cf585a2.jpg,d3-d4
97a8b179b9000466.jpg,d3-d4
eb531e672975aa7b.jpg,d3-d4
be4e2da239f6a456.jpg,d3-d4
687db5c9899c73f4.jpg,d3-d4
b19697c6fadcea3d.jpg,d3-d4
b2cc06af0bf67281.jpg,d1-d2
cd091a8e5629f6e3.jpg,d1-d2
5fff8b8d30338bbc.jpg,d1-d2
44d72df19ea04732.jpg,d1-d2
0b32b445b0028e9b.jpg,d1-d2
340e06d064dab0ee.jpg,d1-d2
d7cec129756a4aa6.jpg,d1-d2
2ea723c552422780.jpg,d1-d2
f734629551fee90f.jpg,d1-d2
3d367f6b25d9846f.jpg,d1-d2
3de87afa37bda6d0.jpg,d1-d2
5924065eb1ea5025.jpg,d1-d2
bdb91889d827eca0.jpg,d1-d2
ed8428652b386999.jpg,d1-d2
a71dc1b98ed37e6e.jpg,d1-d2
f88b14e0181153f3.jpg,d1-d2
e20f4bcf61834e4f.jpg,d1-d2
90bb5a4caf8a68ae.jpg,d1-d2
9c2c946a4baf9492.jpg,d1-d2
0cdbe7c151420b0c.jpg,d1-d2
7951fd75dcfe05ac.jpg,d1-d2
e333b4f183b2f1ff.jpg,d1-d2
9acf1479ce57a09e.jpg,d1-d2
0db00944aa29d8da.jpg,d1-d2
a376aef4a486792a.jpg,d1-d2
bfd22df89300cbd5.jpg,d1-d2
e0f8a9757cbea082.jpg,d1-d2
ff67f909ce103607.jpg,d1-d2
a6a5e9be8a1da083.jpg,d1-d2
37be0a275d5578c3.jpg,d1-d2
246f065ce7592a90.jpg,d1-d2
46603f163b39b89f.jpg,d1-d2
52fcd7900b829e8a.jpg,d1-d2
daa4ed4da7801111.jpg,d1-d2
b67b1dc579513fa7.jpg,d1-d2
4011d747785a1caa.jpg,d1-d2
9afe1df66530ae5b.jpg,d1-d2
ae5197fdac175833.jpg,d1-d2
dc11f24c81a8e339.jpg,d1-d2
6dcf2571eec62a23.jpg,d1-d2
1e161d4895ebcd0b.jpg,d1-d2
0d2b9f980b3fbaee.jpg,d1-d2
ef1d0ae3e286a5a1.jpg,d1-d2
f308729196e371b7.jpg,d1-d2
19dd8e9db3a26066.jpg,d1-d2
05c6a4cdbc7492b4.jpg,d1-d2
a34d6758d0bdf2a9.jpg,d1-d2
31945e427de40b1f.jpg,d1-d2
fc1f59bc8b694e79.jpg,d1-d2
3f7bcdde4d848e5c.jpg,d1-d2
6cd04b9dc640daeb.jpg,d1-d2
ddc2c84ee51a33a4.jpg,d1-d2
7c4e0ac508ac9584.jpg,d1-d2
4cd3fccf797a56f5.jpg,d1-d2
fbd5b6b7cda0ff4c.jpg,d1-d2
15ff13f74a0aceeb.jpg,d1-d2
ae2e9e2187706768.jpg,d1-d2
8456db06137a513d.jpg,d1-d2
7d4b9abbf12c95f1.jpg,d1-d2
9673340e8aa262bd.jpg,d1-d2
2531401cd1d27c6e.jpg,d1-d2
aa3dfcc43238f002.jpg,d1-d2
8b77db463da0e8a0.jpg,d1-d2
0e2319ebc48525c4.jpg,d1-d2
e6b0dba2afe934c2.jpg,d1-d2
b3b8198a5613761a.jpg,d1-d2
68e81905b550daa1.jpg,d1-d2
179dca2fc9d3d275.jpg,d1-d2
2ab527b4d212a540.jpg,d1-d2
6ff9cdce8482be37.jpg,d1-d2
e8b62ae9f73bd787.jpg,d1-d2
856c5e692998a58d.jpg,d1-d2
8c07781199032e64.jpg,d1-d2
13cc58d0cc9017bc.jpg,d1-d2
b626dc630ff2deac.jpg,d1-d2
e68b45f6104c120c.jpg,d1-d2
0c79c9bce666f07f.jpg,d1-d2
75cfe841b735ad07.jpg,d1-d2
167c32256ad0e045.jpg,d1-d2
c778a601bed8aeb3.jpg,d1-d2
8fa0a78509c1a6de.jpg,d1-d2
ada56528e71c66a1.jpg,d1-d2
07fb5e6030998ac8.jpg,d1-d2
c5305afd115ddac9.jpg,d1-d2
7eaa6a03ed47c21c.jpg,d1-d2
ba96c32d3cfde29b.jpg,d1-d2
245a63b7b871ab72.jpg,d1-d2
dd9422cc810cd4ad.jpg,d1-d2
c036fc536b03db94.jpg,d1-d2
0afc30f9785f96ce.jpg,d1-d2
17b9481ba2580513.jpg,d1-d2
864f191a2a7bd29b.jpg,d1-d2
77914566f572d8c8.jpg,d1-d2
16ff62f42da4d3ff.jpg,d1-d2
f81ad09075ec76e2.jpg,d1-d2
d4cd5031b14f6de9.jpg,d1-d2
c9acd9c7c2024a5a.jpg,d1-d2
43e0b20734ddca60.jpg,d1-d2
d4d0374840270b70.jpg,d1-d2
0b1f8a7e1433c05c.jpg,d1-d2
3f0a1d0fb3da0c77.jpg,d1-d2
dd43c58d36c4d806.jpg,d1-d2
a00f987c605718e3.jpg,d1-d2
2a9f8083dd0c138c.jpg,d1-d2
64d80c6d864294af.jpg,d1-d2
a96d45c8e86eecfb.jpg,d1-d2
9c0bfd5843d9d935.jpg,d1-d2
8368f3f611d14042.jpg,d1-d2
2d2761b2f3f0905e.jpg,d1-d2
b0fdd7bb1fc4bc31.jpg,d1-d2
5441ee75fc758b4d.jpg,d1-d2
315f423e90aec5d2.jpg,d1-d2
652e48a4d8261deb.jpg,d1-d2
99a778416b818c8b.jpg,d1-d2
72d51056ef4908a2.jpg,d1-d2
b556a560d0ed6cfa.jpg,d1-d2
52fd2f1c310f58f8.jpg,d1-d2
21f6aa5bb45efb68.jpg,d1-d2
69c7ece83bd7ee74.jpg,d1-d2
040cc6f6f81e0e91.jpg,d1-d2
ec5af5a91454ba08.jpg,d1-d2
8a60ab3d91cf3a9b.jpg,d1-d2
0cbd4fd4317f0494.jpg,d1-d2
77d715a0309c5846.jpg,d1-d2
cf5c790537e07be1.jpg,d1-d2
d2fc68461a49accf.jpg,d1-d2
80a3e481238b60e0.jpg,d1-d2
f44f0b14de9e7266.jpg,d1-d2
9f157a223aaf028b.jpg,d1-d2
6261daa08c3c30a1.jpg,d1-d2
1d157634ab5a7bb0.jpg,d1-d2
2c8750b066372ab5.jpg,d1-d2
c219448407f815d6.jpg,d1-d2
d5e2a8cdd0c085c9.jpg,d1-d2
e243ea848785b916.jpg,d1-d2
584493381f13e5e9.jpg,d1-d2
19ebbb71220a154d.jpg,d1-d2
56aa4c1a76314b32.jpg,d1-d2
1025180ee302bc78.jpg,d1-d2
78b959e163af5eed.jpg,d1-d2
dd9c626896e8015b.jpg,d1-d2
82a6d31c584d4dcb.jpg,d1-d2
e4637bfcd3827eef.jpg,d1-d2
f3c4fc88993bb671.jpg,d1-d2
e591360b5b1118a3.jpg,d1-d2
e90a1f15b07e213a.jpg,d1-d2
35c0dacdc487cce3.jpg,d1-d2
b3c27808409e46e3.jpg,d1-d2
a3f9a30279754174.jpg,d1-d2
97861c08a64b28f3.jpg,d1-d2
5e35b7cbd0927177.jpg,d1-d2
a2ef0096ffa25c2b.jpg,d1-d2
c65a27e4da35eb6c.jpg,d1-d2
625e9722033f102b.jpg,d1-d2
8e364822838db983.jpg,d1-d2
0c0e27c804fe7b11.jpg,d1-d2
66681e97c5ef2230.jpg,d1-d2
860fd46578c7d686.jpg,d1-d2
60ad39a5c3ddde2a.jpg,d1-d2
568fc1d376b616a6.jpg,d1-d2
908500e5a871fc86.jpg,d1-d2
53b062f363954f36.jpg,d1-d2
df8a5c07b9dab005.jpg,d1-d2
87b0aaf1425de09f.jpg,d1-d2
3ad43925a9083867.jpg,d1-d2
d0777b4a52cb7e8f.jpg,d1-d2
8705b8cf8c2c35a9.jpg,d1-d2
e258aed2d0b170cb.jpg,d1-d2
0d9902fd434c7ec3.jpg,d1-d2
9eb7fc27e0bbcd43.jpg,d1-d2
47bbe582a43a6f52.jpg,d1-d2
fd0dc0a72900f410.jpg,d1-d2
9f76d4f3353eceb0.jpg,d1-d2
61714927d821648f.jpg,d1-d2
ce5ff54f801db7c7.jpg,d1-d2
7397e41b1fa3d8b7.jpg,d1-d2
a8fed8080158b2cb.jpg,d1-d2
164260e75f8a1140.jpg,d1-d2
698e6919f3572868.jpg,d1-d2
ece75c35bd264bc8.jpg,d1-d2
06edc079f5a213cf.jpg,d1-d2
39557063fc448620.jpg,d1-d2
83f49d77e46513e1.jpg,d1-d2
2c400188019a3e10.jpg,d1-d2
0d2443fa9114bd99.jpg,d1-d2
1ef1cb1ba50ac32a.jpg,d1-d2
acf33413e118daab.jpg,d1-d2
38d9ce147b7c53c5.jpg,d1-d2
6b0bc5922c6bd2e5.jpg,d1-d2
c1b908f56f04f2f4.jpg,d1-d2
63098adea779bf38.jpg,d1-d2
c3c92bb0c16e842d.jpg,d1-d2
8664e9b5b7cbab65.jpg,d1-d2
3523c3f066af9e95.jpg,d1-d2
a975c0866fa5d4ca.jpg,d1-d2
841ec7d16e53d1de.jpg,d1-d2
6772454fc53d5524.jpg,d1-d2
678cc63156f492a2.jpg,d1-d2
028e1cad24d4ad76.jpg,d1-d2
01ebaf4500937c90.jpg,d1-d2
65029bd6b1642227.jpg,d1-d2
2d16b871bcca814f.jpg,d1-d2
2cea8541da8a2876.jpg,d1-d2
6dfbca4162041eed.jpg,d1-d2
e838cd8df98dc9bd.jpg,d1-d2
70dad2233ed3e6b2.jpg,d1-d2
31e7600155c464df.jpg,d1-d2
864d2991837b16a4.jpg,d1-d2
d0facfe988d77816.jpg,d1-d2
0187e2f03f99a6b9.jpg,d1-d2
ba88e0dc6e1eb2ca.jpg,d1-d2
fd87d7bf595a574a.jpg,d3-d4
033b571a95dbfcb7.jpg,d3-d4
16e8e5b3703ed9fd.jpg,d3-d4
49fdfa3a1602814f.jpg,d3-d4
5f4378d08fea02c7.jpg,d3-d4
7ef579aa8542e21e.jpg,d3-d4
24a365f97f4eaa43.jpg,d3-d4
b747034250ffcb69.jpg,d3-d4
c1b01169bfe050fd.jpg,d3-d4
612786b95a09e9db.jpg,d3-d4
1aa9aa99994ce805.jpg,d3-d4
bf100fe731574e55.jpg,d3-d4
efa6db3cf40880f1.jpg,d3-d4
2ed825846241b137.jpg,d3-d4
4920e03edebb1747.jpg,d3-d4
e254c25574bc7365.jpg,d3-d4
c82fb2d0f0bf7c61.jpg,d3-d4
6e0646677d1a0a1d.jpg,d3-d4
ba853505415e64e8.jpg,d3-d4
64971702613f6944.jpg,d3-d4
c1d7f80ce75ff537.jpg,d3-d4
d8be59d48900d97f.jpg,d3-d4
7b7cde4c0edc9f96.jpg,d3-d4
e45d6de10eafa4a2.jpg,d3-d4
58cc6775adbfc3cc.jpg,d3-d4
dec3f940b0e479f8.jpg,d3-d4
1456a4951aaa6e9c.jpg,d3-d4
e2335d45844cc462.jpg,d3-d4
48f94e187b1cc905.jpg,d3-d4
bb6db50f199807a2.jpg,d3-d4
612f09e72ea4c739.jpg,d3-d4
84a62f8e28a8aea4.jpg,d3-d4
ba387df48164c15d.jpg,d3-d4
4171e0ff5f0bfdd2.jpg,d3-d4
ae9f2c0d03040951.jpg,d3-d4
5977068e9970b477.jpg,d3-d4
da0ae5ff6dd51cd1.jpg,d3-d4
c0f013ebb3802268.jpg,d3-d4
5947fa52934ed2b3.jpg,d3-d4
2e777e95d2a58e38.jpg,d3-d4
c95e45dfda12e490.jpg,d3-d4
f4632b49387caf23.jpg,d3-d4
69858fd257a48638.jpg,d3-d4
28e56752d13d686a.jpg,d3-d4
55279ebc5652b6d7.jpg,d3-d4
7a5c298a9c997db2.jpg,d3-d4
bcb04468d1bd2f18.jpg,d3-d4
359f8bf2461d389d.jpg,d3-d4
c9dc50d028e6f376.jpg,d3-d4
20554db7deb3f14c.jpg,d3-d4
b270ea012f0780c4.jpg,d3-d4
c98bee678a742f04.jpg,d3-d4
cb18851f58663145.jpg,d3-d4
bba66e22cff284e1.jpg,d3-d4
aa0f0bdc3a85364c.jpg,d3-d4
a0440e572bb42e27.jpg,d3-d4
b04e0d366b3c78fa.jpg,d3-d4
34cbc2f046b48f5e.jpg,d3-d4
10fa6ea1bf2afd6b.jpg,d1-d2
2f1f9619d1bbfd54.jpg,d1-d2
4bb607b2a04f486a.jpg,d1-d2
9989691c80bc1566.jpg,d1-d2
85a1643ae0006ba4.jpg,d1-d2
074b5a49a66c79b7.jpg,d1-d2
77c181b085fab6e1.jpg,d1-d2
3fe4ba22ffac706f.jpg,d1-d2
1e0cc1a2c04b3024.jpg,d1-d2
9577329e97370c4d.jpg,d1-d2
d38c93b2a2e49bbb.jpg,d1-d2
b7e740cffd68edaf.jpg,d1-d2
9cc95adaeb1b1b0a.jpg,d1-d2
33118179e6bd3af7.jpg,d1-d2
53a9bc154055ff54.jpg,d1-d2
1e0c186da31a53c4.jpg,d1-d2
3f329a57e8fe1a1d.jpg,d1-d2
600c99b5f8d120dc.jpg,d1-d2
c3d83182c73400ac.jpg,d1-d2
a0427c6177ab9f47.jpg,d1-d2
f9bb41e7ce0d672d.jpg,d1-d2
11db22578b832166.jpg,d1-d2
811eba8282d2f74b.jpg,d1-d2
ee348a1b39cc38b3.jpg,d1-d2
4e238e26dab0bb6c.jpg,d1-d2
cfd8f65ea8b3069b.jpg,d1-d2
2ca2f727a51766f7.jpg,d1-d2
38dd8ed590e0bf47.jpg,d1-d2
66b3d3fe9bf65a3c.jpg,d1-d2
0b5c44f167d89d6c.jpg,d1-d2
b411d9e143c005b0.jpg,d1-d2
ebc7da15e267260e.jpg,d1-d2
dbd70805d51084fb.jpg,d1-d2
a1e9dea4de3f80bd.jpg,d1-d2
836cf6cc87a23619.jpg,d1-d2
6380c264d2186608.jpg,d1-d2
88e2e5adb2803e4f.jpg,d1-d2
4f4516bd61301f9f.jpg,d1-d2
4423de37e1147f79.jpg,d1-d2
38e928c51c80f4ff.jpg,d1-d2
c5ca7c68eec526bb.jpg,d1-d2
444f32746f2f3628.jpg,d1-d2
658ef3c9d2708643.jpg,d1-d2
190740d0f10622a0.jpg,d1-d2
207563e2fc8e3ec6.jpg,d1-d2
e6f03614213933e7.jpg,d1-d2
c603b8ab2892b0f5.jpg,d1-d2
90f235802a899f5d.jpg,d1-d2
41dbc1bee95b1b6f.jpg,d1-d2
2ec542540714c310.jpg,d1-d2
1e436693fc61d19d.jpg,d1-d2
7eceede424c521c4.jpg,d1-d2
67b4d4335d059dba.jpg,d1-d2
f9b8d7e1b1536c62.jpg,d1-d2
7a7ea66a3461f94c.jpg,d1-d2
c883bb27470f5918.jpg,d1-d2
f349ead7ca6b37ab.jpg,d1-d2
0d44adc1a7ba9eaa.jpg,d1-d2
a6cdb597c06106d8.jpg,d1-d2
35846085022aafba.jpg,d1-d2
dff696e861c92ec4.jpg,d1-d2
bb1459bde24ee580.jpg,d1-d2
0d13a2bbde52d4ac.jpg,d1-d2
96355f36f9da90c0.jpg,d1-d2
8f625c480af553bb.jpg,d1-d2
38a86aeb08b7bf51.jpg,d1-d2
8b3cb54c6eadcaef.jpg,d1-d2
6a1bf5f3ecf3f592.jpg,d1-d2
cf060fdf68e3a0f3.jpg,d1-d2
c0a136e2a8583bfd.jpg,d1-d2
525407429f82f759.jpg,d1-d2
73389ec6846aac76.jpg,d1-d2
e45200955a9ae62e.jpg,d1-d2
34e81ad0a5156d97.jpg,d1-d2
350e9a00259574b1.jpg,d1-d2
1fc7935b5077c7de.jpg,d1-d2
8de2937d88ac53f8.jpg,d1-d2
3009df96f238f8ed.jpg,d1-d2
bad634442d06534d.jpg,d1-d2
785e010d788a7572.jpg,d1-d2
d492611516de8006.jpg,d1-d2
bf4e0f4957aecd64.jpg,d1-d2
fc74de2e6571a1e0.jpg,d1-d2
69930f56db381b4d.jpg,d1-d2
a8d38f2175840fdb.jpg,d1-d2
336773a301509081.jpg,d1-d2
81999babc338daec.jpg,d1-d2
033d6c6a5d8e2754.jpg,d1-d2
dc0f1b73d89b9791.jpg,d1-d2
8e0b35c866d68c36.jpg,d1-d2
3f4ec6e66223f97c.jpg,d1-d2
b60fa769ff14b798.jpg,d1-d2
e10875172c976e4c.jpg,d1-d2
b54a70c7b1cf395d.jpg,d1-d2
905fa082fd6e2d92.jpg,d1-d2
1683d63ac955276e.jpg,d1-d2
ee96cc8121869b4b.jpg,d1-d2
9578b4c06941070b.jpg,d1-d2
31e3739abdbca332.jpg,d1-d2
256e8ab918aab853.jpg,d1-d2
ddeb347716d7861c.jpg,d1-d2